BEAM_SIZE,DATA-SPLIT,BLEU-1,BLEU-2,BLEU-3,BLEU-4,BLEU-5
1.0,VALIDATION,0.651478331308222,0.46271071377770057,0.3213732236248519,0.2184785473231379,0.14648924851958967
3.0,VALIDATION,0.6596368398065021,0.4705641896756576,0.3274529305089498,0.22016769471874093,0.14633670130780652
5.0,VALIDATION,0.6502789624700642,0.4647768506175183,0.3258310884647719,0.22089495128770323,0.14898678850220148
7.0,VALIDATION,0.6409593543085901,0.4591882594148039,0.32066145331968876,0.21789235321183253,0.1485976460130285
1.0,TEST,0.6617463175985584,0.4707341841630909,0.3249293056772833,0.22136769927196714,0.14984874456879652
3.0,TEST,0.6699199199263397,0.48288683707831503,0.33993734705806977,0.23501781387990064,0.16166166372884222
5.0,TEST,0.668750702474921,0.4847321763666874,0.3415052107520628,0.23339470218886335,0.1589240978288294
7.0,TEST,0.66390640989016,0.4801383841880121,0.33806718158369764,0.23160677908639588,0.15869241550858018
