BEAM_SIZE,DATA-SPLIT,BLEU-0,BLEU-1,BLEU-2,BLEU-3,BLEU-4
1.0,VALIDATION,0.6780875099656478,0.4842904070713984,0.3304179156897214,0.220721779213987,0.14566938007473193
3.0,VALIDATION,0.6764617098075715,0.49518759342949176,0.3488110104380926,0.23863515052074435,0.16268640621212083
5.0,VALIDATION,0.6689109163887821,0.48837844915043027,0.3434993759061059,0.2346290688839799,0.1605422275262852
7.0,VALIDATION,0.6624899238154341,0.4874157407879512,0.34604556126003494,0.23922785269343583,0.16616163940134507
1.0,TEST,0.6867900322590793,0.49510985421129317,0.3433285213175837,0.23704020091277192,0.16174257867135922
3.0,TEST,0.6876184150560468,0.5041038689588494,0.3569968698321476,0.2492244242873584,0.17412929174936273
5.0,TEST,0.6842278587254776,0.5040876943539049,0.3602103225625476,0.251102847100484,0.1756710157987815
7.0,TEST,0.6780138393283107,0.499531528295493,0.3573451737662963,0.25063100080168593,0.17650290650941375
