BEAM_SIZE,DATA-SPLIT,BLEU-1,BLEU-2,BLEU-3,BLEU-4,BLEU-5
1.0,VALIDATION,0.664160135564499,0.47060108921575733,0.31911430750538744,0.21299507808856016,0.1411121386831637
3.0,VALIDATION,0.6821379619078052,0.49430696242958366,0.34808941400719967,0.24214293933595785,0.16916299156263762
5.0,VALIDATION,0.678627547443016,0.4947381098978794,0.3490581569192311,0.2424073028089841,0.1671494199169503
7.0,VALIDATION,0.673455548153748,0.49123533133148795,0.3468401381456141,0.2404620086025659,0.16577702708649214
1.0,TEST,0.674925873529367,0.4773091292805159,0.32507724567052876,0.21926187716953655,0.15142779237732598
3.0,TEST,0.686403279224345,0.5013478168772059,0.35691000080979435,0.2508787023675407,0.17712902991927434
5.0,TEST,0.6817818853568849,0.4986223402208517,0.35241913318273344,0.24488448570263704,0.1721010891736131
7.0,TEST,0.6757920782106598,0.49511681139595576,0.35253818504633855,0.2465455936139519,0.1744384345070128
