BEAM_SIZE,DATA-SPLIT,BLEU-1,BLEU-2,BLEU-3,BLEU-4,BLEU-5
1.0,VALIDATION,0.6777098596943643,0.4792542725921287,0.3339070460490756,0.23318760379388873,0.16021834365607074
3.0,VALIDATION,0.6677414192129217,0.47854835625904235,0.3351710142113538,0.23287026727342253,0.16079407128510026
5.0,VALIDATION,0.6582250285208727,0.47357041688665447,0.3293113706067786,0.22746318091232742,0.15436158582546303
7.0,VALIDATION,0.6509846011807945,0.4657993318690542,0.32371992227270624,0.22402506737557912,0.1528177844437548
1.0,TEST,0.6762835303002854,0.48260867502123284,0.3415691959496997,0.24131335003253362,0.17137718669209218
3.0,TEST,0.6697211787069803,0.4799981088806706,0.33676101617838766,0.2341451398668591,0.16319062796835124
5.0,TEST,0.6532999685817504,0.4689655429880943,0.3266911852744303,0.22573303288601065,0.15718336033343325
7.0,TEST,0.6439973649576498,0.46159299742536114,0.32101616568065555,0.2232607709395246,0.15642514563365176
