BEAM_SIZE,DATA-SPLIT,BLEU-1,BLEU-2,BLEU-3,BLEU-4,BLEU-5
1.0,VALIDATION,0.6697553898969774,0.47067340233515653,0.32709328514043173,0.22848638493003473,0.1563414235484768
3.0,VALIDATION,0.6688380939406775,0.4743558196894925,0.3288341075273134,0.22655183946020233,0.15147616399366834
5.0,VALIDATION,0.6538698968220326,0.4617183343833138,0.318276409446093,0.21902396897991502,0.1486139757101732
7.0,VALIDATION,0.6408634863968369,0.44823931264637645,0.30468391285350993,0.2048063110688839,0.13672794558992224
1.0,TEST,0.6665405078847426,0.46599482747212567,0.32525786908561827,0.22636667073846453,0.15817607165534123
3.0,TEST,0.667247809637995,0.47412850338828033,0.3291446018965229,0.22596552450984278,0.156130274963882
5.0,TEST,0.6506230784491723,0.46006409466439496,0.31608301217677237,0.21344677159991324,0.14358106310799665
7.0,TEST,0.6436163578973814,0.45600050041425166,0.3152453460524688,0.2142442914341909,0.1456153262148127
