BEAM_SIZE,DATA-SPLIT,BLEU-0,BLEU-1,BLEU-2,BLEU-3,BLEU-4
1.0,VALIDATION,0.6758307701874684,0.4758448006807511,0.32900362672846023,0.2292629329630075,0.15963416402127195
3.0,VALIDATION,0.6848994954074685,0.49504810720762016,0.3487426361101102,0.2433506569550272,0.16705109210138122
5.0,VALIDATION,0.6784772625739278,0.49022236577567474,0.34517175691589747,0.24020117737628094,0.16146691843089717
7.0,VALIDATION,0.6752274386575022,0.48621611286548966,0.34052918321550624,0.236359409955189,0.15947334121029527
1.0,TEST,0.6669967768163901,0.4713678979842852,0.32876122431959587,0.23091890186340017,0.16375579031987192
3.0,TEST,0.6770017674088501,0.49083613847122887,0.35226508776398474,0.2533041398146382,0.18248491977080722
5.0,TEST,0.66424422340862,0.4818124032071825,0.3438168517191099,0.2444694491190578,0.1736087846851657
7.0,TEST,0.6596640831946756,0.4771505305932323,0.3396835355342812,0.24005963512041892,0.16949604021779024
