BEAM_SIZE,DATA-SPLIT,BLEU-0,BLEU-1,BLEU-2,BLEU-3,BLEU-4
1.0,VALIDATION,0.6653202081170739,0.47036505125168293,0.31823238260959524,0.2108958135317059,0.13882121666045344
3.0,VALIDATION,0.6839584374207188,0.4977664781465931,0.35216688296335474,0.2440989437959962,0.1697465102320449
5.0,VALIDATION,0.677338551862815,0.4944836161535853,0.34847827430292805,0.2403822778256074,0.16659216137227736
7.0,VALIDATION,0.6672289344058203,0.48394449257758543,0.33925850933226165,0.23287657966234945,0.16043780497961105
1.0,TEST,0.6837978171028929,0.4858923626471064,0.3317366093663745,0.22463931134639634,0.15299856124664069
3.0,TEST,0.6950539400890722,0.5086850240717554,0.3611712603390102,0.24963043404138208,0.17169046998792117
5.0,TEST,0.6890260105095185,0.506141136133099,0.360154413275846,0.2483961340612059,0.17139760522665679
7.0,TEST,0.6853228806780746,0.5049044846961466,0.36065486897668936,0.2505061395244097,0.17478495853882992
