BEAM_SIZE,DATA-SPLIT,BLEU-1,BLEU-2,BLEU-3,BLEU-4,BLEU-5
1.0,VALIDATION,0.65933150690026,0.470027991261789,0.3280540824643581,0.22739639927590566,0.154759782337368
3.0,VALIDATION,0.6660302354192101,0.4809795865763717,0.3391121481425632,0.23512903792490975,0.1614923057539642
5.0,VALIDATION,0.6527248907029807,0.46739322067543304,0.32745529401238743,0.22425044749819617,0.1528192477273052
7.0,VALIDATION,0.6457943843399955,0.4631839551572778,0.32369936402994504,0.22157231204919275,0.15288154876211116
1.0,TEST,0.6893711053332564,0.4987998374149417,0.35167376762453306,0.2449215103741722,0.16985660690868737
3.0,TEST,0.688238720922641,0.504753320237794,0.36105116582547314,0.2540519363595402,0.17855065011438953
5.0,TEST,0.6803593960579312,0.4985740793284742,0.35702361480435907,0.24933500776270365,0.17526518150451137
7.0,TEST,0.6787154881954756,0.5015809442482011,0.3598151946425251,0.250175342524142,0.1720536277333123
