BEAM_SIZE,DATA-SPLIT,BLEU-1,BLEU-2,BLEU-3,BLEU-4,BLEU-5
1.0,VALIDATION,0.6769862316381541,0.47753321596193454,0.3388551623773459,0.24266129509021936,0.17166320397050808
3.0,VALIDATION,0.6778854405717065,0.48335599851835487,0.3392362866994266,0.2370881720890378,0.16240886867020385
5.0,VALIDATION,0.6595472822696286,0.4678990218736695,0.325880008865398,0.2264446031889807,0.15514898447800482
7.0,VALIDATION,0.653560599123327,0.46471787495557165,0.32215064233814356,0.22143691444305932,0.14928810893965921
1.0,TEST,0.6709745960092208,0.4694931069714132,0.3330685245912391,0.23903257354804913,0.17318139469009705
3.0,TEST,0.6649842205252513,0.4761339531553906,0.3359721738861037,0.23631510505155184,0.16653677816787624
5.0,TEST,0.6478838222414164,0.4540617930947075,0.31260693261044603,0.21173585795296157,0.14448001926418416
7.0,TEST,0.645014424143627,0.45498869924279967,0.3152550176329303,0.2154509675517078,0.15021214797969468
