BEAM_SIZE,DATA-SPLIT,BLEU-1,BLEU-2,BLEU-3,BLEU-4,BLEU-5
1.0,VALIDATION,0.6663043806805317,0.4681915675636989,0.3333691843682681,0.24171600554984907,0.17359523250988793
3.0,VALIDATION,0.6851938767469907,0.492533772961539,0.35023355274471507,0.24752566889071087,0.1718681733601872
5.0,VALIDATION,0.6611821814528887,0.4700540569737934,0.3257484213006493,0.22479082906616144,0.15083190271425612
7.0,VALIDATION,0.6477345188940458,0.4571646088224794,0.3132467420367127,0.21298032509946374,0.1414047257270187
1.0,TEST,0.6611399387780867,0.46188793767871283,0.32550665744171403,0.2307053163241889,0.16157248377908726
3.0,TEST,0.6622160829503169,0.47805267927486567,0.3384608297863834,0.2396848236172976,0.1707794477413745
5.0,TEST,0.6491694345898756,0.46620608267563324,0.32386694512422254,0.22274058782426678,0.1533786871013316
7.0,TEST,0.6394505070873782,0.45802895624990947,0.3194731543528483,0.2200254506043274,0.14951306606587528
