BEAM_SIZE,DATA-SPLIT,BLEU-1,BLEU-2,BLEU-3,BLEU-4,BLEU-5
1.0,VALIDATION,0.6740762493335074,0.4747767039194192,0.3342689253633656,0.23813083181314404,0.16849416463758896
3.0,VALIDATION,0.6663483016132142,0.4796386119270996,0.3398286429924347,0.2406420831986994,0.16898786280400518
5.0,VALIDATION,0.64944707643561,0.46191276903476053,0.31965892617230646,0.22159571219310176,0.15082748464816378
7.0,VALIDATION,0.6461844231898155,0.45795416083886026,0.31713522049232096,0.21968162233102415,0.15069842844238457
1.0,TEST,0.6571314435804237,0.45718879559158365,0.31838199873732564,0.2258499220052969,0.1617424241055417
3.0,TEST,0.6646016296377307,0.4716641175179136,0.32938675604544715,0.22792658986770678,0.1563910173419019
5.0,TEST,0.6486978127739245,0.45721808280179044,0.3164804089583862,0.21763014772543185,0.1488643538842479
7.0,TEST,0.6399435295602119,0.45065569266220196,0.3091812751096211,0.20903164896638063,0.1388312839000551
