BEAM_SIZE,DATA-SPLIT,BLEU-1,BLEU-2,BLEU-3,BLEU-4,BLEU-5
1.0,VALIDATION,0.656654151022111,0.4690209694980624,0.32508119639429534,0.22261822528028288,0.1515694138411977
3.0,VALIDATION,0.6783482639551991,0.4914379902602136,0.34960193648679067,0.24388393755313084,0.16818057829597244
5.0,VALIDATION,0.6744033865745263,0.49302117704806014,0.35223580521035264,0.24794546255656352,0.17404575310870005
7.0,VALIDATION,0.6642712875632265,0.482432190945481,0.3419722744386103,0.23898846999707712,0.16711162259256462
1.0,TEST,0.67656382079459,0.4892884579616547,0.34171147569362953,0.23802368358852968,0.16771963164168757
3.0,TEST,0.6932936397009081,0.5115395397200629,0.3681390353693042,0.2602530055742422,0.1859035723587282
5.0,TEST,0.6837838484319294,0.5046341637418201,0.36215458784066173,0.2537755309409864,0.17946269002779383
7.0,TEST,0.6725769736323628,0.4962188127402226,0.3567660406799465,0.24805069285477505,0.17153290800402954
