BEAM_SIZE,DATA-SPLIT,BLEU-1,BLEU-2,BLEU-3,BLEU-4,METEOR,ROUGE-L,CIDEr,SPICE
1.0,VALID,0.652867159734833,0.4650834560243635,0.3245067033301051,0.22962282769327919,0.17905644329407625,0.4547809967773353,0.4108915376057684,0.123635778463388
3.0,VALID,0.6825812478236138,0.4912295213015166,0.3453540661685869,0.24463976628609038,0.18704372614920042,0.46522151640056736,0.4526161917150853,0.13092314442450065
5.0,VALID,0.6740559457439097,0.4855906770581245,0.3415722059693575,0.24036294755526486,0.18732309971949757,0.4641208896857723,0.4476308628459486,0.1294894753378851
7.0,VALID,0.670672802054773,0.48355583160653587,0.33986358442159137,0.24013967941391953,0.18485631991367069,0.4623737050458183,0.44757476669299406,0.12760211689004192
1.0,TEST,0.646972369194528,0.45811849216694767,0.3177498869066359,0.21877713525909565,0.17595930223251208,0.4489632585678308,0.4150235666016215,0.12357118242441852
3.0,TEST,0.6728387744126728,0.4850458787407385,0.34151936155894735,0.2368182162313642,0.18586165407755656,0.4600753010558643,0.46041236317040113,0.12906846925403898
5.0,TEST,0.6689156131018772,0.4794441755919301,0.33523153485590135,0.2294304441314366,0.18268505480802183,0.4555290009731507,0.44615864085758966,0.12771163687629994
7.0,TEST,0.6675669627763265,0.4794760310206662,0.33479056436457133,0.23067307755255628,0.18275249905669524,0.45606064569112936,0.44818931200249257,0.12658352135469927
