BEAM_SIZE,DATA-SPLIT,BLEU-1,BLEU-2,BLEU-3,BLEU-4,METEOR,ROUGE-L,CIDEr,SPICE
1.0,VALID,0.6330776690469335,0.44321868162894107,0.3036916580777186,0.20999954046138763,0.18652600634300853,0.45437093438657195,0.4437303881314151,0.1301097653311164
3.0,VALID,0.6751312649164033,0.483058207270615,0.33761042677350006,0.2370572891473422,0.19142465711341064,0.4634765625461617,0.47487251304859146,0.135816818805333
5.0,VALID,0.6763222693188845,0.48481244570317794,0.33858286328121046,0.23538642050656905,0.18991145982151458,0.4616941055319418,0.47471589555892596,0.13432032753977083
7.0,VALID,0.6756685586135512,0.4861849649798011,0.34261166546441774,0.2409317901957808,0.18954150513464882,0.4606451376019689,0.488029093552344,0.13383130090830997
1.0,TEST,0.6352648090052929,0.44811484661485523,0.30950733753627135,0.21477373305559888,0.18688340135874004,0.45052067172501714,0.4657473673266676,0.12905762543567018
3.0,TEST,0.6666011937231551,0.4762572074395445,0.33396701797469486,0.23178560767540338,0.19224542169758319,0.4592589926484447,0.5061133452769518,0.13639737934814367
5.0,TEST,0.665701705987526,0.47597884075051017,0.3326134684725593,0.2296827955587882,0.19031437888686156,0.45850132704147867,0.5062038920876126,0.13416097834977553
7.0,TEST,0.665367468057275,0.4784905795080259,0.3354127572464054,0.232011630049696,0.19103072747052902,0.45701947167472196,0.5049527440983377,0.1317452178366917
