BEAM_SIZE,DATA-SPLIT,BLEU-1,BLEU-2,BLEU-3,BLEU-4,METEOR,ROUGE-L,CIDEr,SPICE
1.0,VALID,0.6639726157648889,0.47402662911700844,0.33123775120747556,0.23113280863870383,0.19084288327489624,0.46153722723949003,0.4742714878192461,0.1284494441314118
3.0,VALID,0.6637811273565685,0.47649914281184047,0.3352190069616454,0.23351785397119385,0.19193015841043845,0.45928539100653265,0.4764359685678147,0.1316306994007448
5.0,VALID,0.6601830547517386,0.4731540327542634,0.33038270210911064,0.2288662876987833,0.18917625248658568,0.45478692793220404,0.46452172718248386,0.12886931003020205
7.0,VALID,0.6544345372057707,0.4698545127588924,0.33020287581876995,0.23118001969341473,0.18604234196443376,0.4544358862042002,0.46353257359223404,0.12856219114785303
1.0,TEST,0.6509602313110444,0.4663714500610189,0.3268898485842584,0.2288105203644946,0.1914223564976728,0.45960452454526335,0.48428675531427423,0.12908151086704298
3.0,TEST,0.6621896983710522,0.47639141425644493,0.33559230156459624,0.23552394672310192,0.19112387270427,0.45658223719703195,0.5011502440073422,0.13307959588931256
5.0,TEST,0.6539687267084052,0.4701512658142119,0.33185236776886234,0.23148279388912835,0.18858398144275226,0.45260355106458056,0.4969377098903872,0.13105028158497653
7.0,TEST,0.6427163345363607,0.4605997165357798,0.3223109191179206,0.22373559634689713,0.18647656453973574,0.44814550627292615,0.48352120534975396,0.12694138277287606
